step,volume_phi,phi_min,phi_max,max_u,com_x,com_y,com_z,radius_eff,rho_inside_avg,rho_outside_avg,rho_ratio_recovered,rho_ratio_expected,mu_inside_avg,mu_outside_avg,mu_ratio_recovered,mu_ratio_expected,p_inside_avg,p_outside_avg,delta_p,expected_delta_p_r0,expected_delta_p_reff,sigma_recovered_r0,sigma_recovered_reff,sigma_recovery_ratio_r0,sigma_recovery_ratio_reff,volume_phi_rel_drift,radius_eff_rel_drift,com_dx,com_dy,com_dz,com_drift,delta_p_error_percent_r0,delta_p_error_percent_reff,sigma_recovery_percent_error_r0,sigma_recovery_percent_error_reff,rho_ratio_error_percent,mu_ratio_error_percent
0,467711.591,0.0,1.0,0.0,127.5,127.5,127.5,48.15371979,0.9998893081,0.0001000006211,9998.830979,10000.00025,0.009998893878,1.000000598e-05,999.8887902,1000.000003,0.001249861622,7.795800435e-13,0.001249861621,0.001249999972,0.001246009632,0.0299966789,0.03009274313,0.999889319,1.00309146,0.0,0.0,0.0,0.0,0.0,0.0,-0.011068080247917235,0.3091460050607361,-0.011068100000000136,0.3091460000000046,-0.011692709707670695,-0.01112127996663373
1000,467711.8254,5.5903476070000006e-24,1.000042677,0.001565861596,127.5,127.4999997,127.5,48.15372783,0.9998897252,0.0001000007492,9998.822341,10000.00025,0.009998898043,1.000000724e-05,999.8890809,1000.000003,0.001240983814,3.986675893e-09,0.001240979827,0.001249999972,0.001246009424,0.02978351585,0.02987890242,0.9927838839,0.9959634363,5.011635470832958e-07,1.6696529446718864e-07,0.0,-2.9999999640040187e-07,0.0,2.9999999640040187e-07,-0.721611616164088,-0.40365641728885726,-0.7216116099999947,-0.4036563700000051,-0.011779089705522756,-0.011092209966727258
2000,467711.7927,5.548860891e-17,1.000023365,0.001005496757,127.5000017,127.4999987,127.4999996,48.15372671,0.9998869525,0.0001000007889,9998.790643,10000.00025,0.009998870338,1.000000762e-05,999.886272,1000.000003,0.001240286622,3.617505511e-09,0.001240283004,0.001249999972,0.001246009453,0.0297667921,0.02986212441,0.9922264254,0.9954041692,4.312486666082472e-07,1.4370644748334155e-07,1.6999999985500835e-06,-1.2999999938756446e-06,-4.0000000467443897e-07,2.1771541017774813e-06,-0.7773574574128013,-0.4595831104019809,-0.7773574600000055,-0.45958308000000336,-0.012096069697586944,-0.011373099965883678
3000,467711.7519,1.2149717780000001e-14,1.000015378,0.0009868932068,127.5000008,127.5,127.5000006,48.15372531,0.9998795198,0.0001000008215,9998.71306,10000.00025,0.009998796088,1.000000794e-05,999.8788145,1000.000003,0.001237943215,3.592646981e-09,0.001237939622,0.001249999972,0.001246009489,0.02971055094,0.02980570226,0.99035172,0.9935234308,3.4401542115925166e-07,1.1463288871664336e-07,7.999999951380232e-07,0.0,6.000000070116585e-07,1.0000000003174137e-06,-0.9648280216121347,-0.6476569457329291,-0.9648279999999954,-0.6476569199999949,-0.01287189967819351,-0.012118849963645107
4000,467711.6845,1.833980016e-13,1.000008702,0.0009902371008,127.5,127.5000007,127.5000003,48.15372299,0.9998714474,0.000100000849,9998.629587,10000.00025,0.009998715441,1.000000822e-05,999.8707221,1000.000003,0.001235523517,3.419768876e-09,0.001235520098,0.001249999972,0.001246009549,0.02965248234,0.02974744627,0.9884161002,0.9915815644,1.9990952064949316e-07,6.645384854635703e-08,0.0,7.000000010748408e-07,2.9999999640040187e-07,7.615773101563743e-07,-1.1583899459479305,-0.8418435483434614,-1.1583899799999964,-0.8418435599999996,-0.013706629657331208,-0.012928089961218341
5000,467711.6683,9.481204884e-13,0.999997139,0.0009963976337,127.4999999,127.5000015,127.4999995,48.15372244,0.9998621072,0.0001000008741,9998.533679,10000.00025,0.009998622127,1.000000847e-05,999.8613654,1000.000003,0.001233690705,3.430784384e-09,0.001233687274,0.001249999972,0.001246009563,0.02960849457,0.02970331728,0.9869498411,0.9901105981,1.652727909505034e-07,5.5032093421980736e-08,-9.999999406318238e-08,1.499999996212864e-06,-4.999999987376214e-07,1.5842979474167257e-06,-1.3050158692323484,-0.9889401627329313,-1.3050158900000053,-0.9889401899999983,-0.014665709633347474,-0.013863759958412542
6000,467711.6516,2.862420804e-12,0.9999936819,0.0009939456709,127.5000005,127.5000005,127.4999993,48.15372186,0.9998520179,0.0001000008967,9998.430523,10000.00025,0.009998521329,1.000000871e-05,999.8512619,1000.000003,0.001231446227,3.696894474e-09,0.00123144253,0.001249999972,0.001246009578,0.02955462071,0.02964927054,0.9851540458,0.9883090399,1.2956702620603325e-07,4.298733326874126e-08,4.999999987376214e-07,4.999999987376214e-07,-7.000000010748408e-07,9.949874365940606e-07,-1.4845953932549336,-1.169095989083968,-1.484595420000001,-1.1690960100000036,-0.015697269607550645,-0.014874109955371504
7000,467711.6661,6.346831481e-12,0.9999927878,0.0009878563611,127.5000014,127.4999993,127.499999,48.15372236,0.9998460153,0.0001000009181,9998.368358,10000.00025,0.009998461361,1.000000894e-05,999.8452423,1000.000003,0.001229354208,3.392894513e-09,0.001229350815,0.001249999972,0.001246009565,0.02950441955,0.02959890891,0.9834806737,0.986630319,1.6056903742243072e-07,5.33707472193886e-08,1.4000000021496817e-06,-7.000000010748408e-07,-9.999999974752427e-07,1.8574175627667492e-06,-1.6519325970032899,-1.3369680673358364,-1.651932629999997,-1.3369681000000022,-0.016318919592021263,-0.015476069953571498
8000,467711.6125,1.158262895e-11,0.9999930263,0.0009889144259,127.500001,127.4999983,127.4999977,48.15372052,0.999839554,0.0001000009391,9998.301644,10000.00025,0.009998396807,1.000000916e-05,999.838765,1000.000003,0.001227274561,3.684221139e-09,0.001227270876,0.001249999972,0.001246009613,0.02945450103,0.02954882939,0.9818167231,0.9849610018,4.596849936408205e-08,1.5159784264655082e-08,9.999999974752427e-07,-1.6999999985500835e-06,-2.300000005561742e-06,3.0298514840837963e-06,-1.8183277207305435,-1.5038998740052263,-1.818327689999999,-1.5038998199999987,-0.016986059575347785,-0.016123799951631174
9000,467711.5795,1.855916462e-11,0.9999921918,0.0009892024528,127.5000002,127.4999986,127.4999968,48.15371939,0.9998342657,0.0001000009583,9998.246843,10000.00025,0.009998343973,1.000000935e-05,999.8334626,1000.000003,0.001225290102,3.374759166e-09,0.001225286727,0.001249999972,0.001246009642,0.02940688144,0.02950105661,0.9802294033,0.9833685755,-2.4587802063583542e-08,-8.306731012960684e-09,2.0000000233721948e-07,-1.4000000021496817e-06,-3.1999999947629476e-06,3.498571133110896e-06,-1.9770596442861266,-1.6631424269508148,-1.9770596700000032,-1.6631424499999992,-0.01753406956163159,-0.01665403995004096
10000,467711.5521,2.715489465e-11,0.9999915957,0.0009874500591,127.4999997,127.4999989,127.4999956,48.15371845,0.9998297112,0.0001000009773,9998.199404,10000.00025,0.009998298471,1.000000954e-05,999.8288936,1000.000003,0.001223533135,3.643107401e-09,0.001223529492,0.001249999972,0.001246009666,0.0293647078,0.02945874733,0.9788236152,0.9819582662,-8.317091299799188e-08,-2.782754900408618e-08,-2.9999999640040187e-07,-1.1000000057492798e-06,-4.39999999457541e-06,4.545327266848039e-06,-2.1176384474350876,-1.8041733233231443,-2.1176384799999948,-1.804173379999996,-0.018008459549771247,-0.017110939948664933
11000,467711.537,3.712564631e-11,0.9999913573,0.0009928940587,127.4999988,127.4999997,127.4999945,48.15371793,0.9998275826,0.000100000995,9998.176344,10000.00025,0.009998277205,1.000000972e-05,999.826749,1000.000003,0.001222020972,3.497415787e-09,0.001222017474,0.001249999972,0.00124600968,0.02932841939,0.02942234239,0.9776140014,0.9807447681,-1.1545576599517134e-07,-3.8626299394713665e-08,-1.1999999998124622e-06,-2.9999999640040187e-07,-5.50000000032469e-06,5.637375275867461e-06,-2.2385998901446316,-1.9255232431260139,-2.238599860000001,-1.9255231900000003,-0.018239059544019758,-0.017325399948028068
12000,467711.5244,4.831435252e-11,0.9999915957,0.0009976705295,127.4999977,127.5000002,127.4999932,48.1537175,0.9998253103,0.0001000010125,9998.151876,10000.00025,0.009998254504,1.000000989e-05,999.8244612,1000.000003,0.001220794658,3.598709503e-09,0.00122079106,0.001249999972,0.001246009691,0.02929898543,0.0293928139,0.9766328695,0.9797604854,-1.423954447605652e-07,-4.7556035288980345e-08,-2.300000005561742e-06,2.0000000233721948e-07,-6.799999994200334e-06,7.181225518506117e-06,-2.3367130123423725,-2.0239514332958835,-2.3367130500000055,-2.0239514599999953,-0.01848373953789891,-0.017554179947339366
13000,467711.5384,6.04296474e-11,0.9999921322,0.0009994737395,127.4999964,127.5000009,127.4999916,48.15371798,0.9998238428,0.0001000010287,9998.13558,10000.00025,0.009998239841,1.000001005e-05,999.8229791,1000.000003,0.001219863233,3.520651806e-09,0.001219859712,0.001249999972,0.001246009678,0.0292766331,0.02937039029,0.9758877918,0.9790130314,-1.1246246834074403e-07,-3.7587957925870335e-08,-3.5999999994373866e-06,9.000000034120603e-07,-8.399999998687235e-06,9.183136717921411e-06,-2.4112208540113427,-2.0986968610046457,-2.411220820000004,-2.0986968600000044,-0.018646699533822746,-0.0177023899468923
14000,467711.5496,7.335058949e-11,0.9999928474,0.001005361523,127.4999953,127.500002,127.4999898,48.15371836,0.9998232625,0.000100001045,9998.128143,10000.00025,0.009998234043,1.000001021e-05,999.8223835,1000.000003,0.001219206435,3.541402589e-09,0.001219202893,0.001249999972,0.001246009669,0.02926086944,0.02935457638,0.9753623365,0.9784859011,-8.85160872297775e-08,-2.969656350044698e-08,-4.700000005186666e-06,1.9999999949504854e-06,-1.0200000005511356e-05,1.1407453709789415e-05,-2.4637663751883547,-2.15140995025457,-2.463766349999996,-2.15140989,-0.018721069531965586,-0.01776194994671331
15000,467711.5847,8.683984087e-11,0.9999933243,0.001009849841,127.4999943,127.5000028,127.499988,48.15371957,0.9998235258,0.0001000010602,9998.129258,10000.00025,0.009998236673,1.000001036e-05,999.8226315,1000.000003,0.001218811267,3.591629683e-09,0.001218807675,0.001249999972,0.001246009637,0.02925138421,0.0293450615,0.9750461621,0.9781687387,-1.346983938269693e-08,-4.56870202023908e-09,-5.700000002661909e-06,2.8000000042993634e-06,-1.1999999998124622e-05,1.3576818478915196e-05,-2.495383815896588,-2.1831261325950706,-2.4953837900000053,-2.1831261300000016,-0.018709919532234973,-0.01773714994678211
16000,467711.6112,1.007794889e-10,0.9999941587,0.001011937951,127.4999936,127.5000034,127.4999862,48.15372048,0.9998244108,0.0001000010753,9998.136594,10000.00025,0.009998245514,1.000001051e-05,999.8235002,1000.000003,0.00121865702,3.524720945e-09,0.001218653496,0.001249999972,0.001246009614,0.02924768389,0.02934134989,0.9749228182,0.9780450183,4.31890086938604e-08,1.432911108958042e-08,-6.40000000373675e-06,3.399999997100167e-06,-1.3800000004948743e-05,1.558717422000206e-05,-2.507718136172875,-2.195498148058417,-2.507718179999996,-2.1954981699999987,-0.018636559534081384,-0.017650279947047178
17000,467711.6076,1.150542508e-10,0.999995172,0.00101649164,127.4999928,127.5000031,127.4999846,48.15372036,0.9998260893,0.0001000010896,9998.151955,10000.00025,0.009998262284,1.000001066e-05,999.8251623,1000.000003,0.001218716474,3.591127567e-09,0.001218712883,0.001249999972,0.001246009617,0.02924910919,0.02934277968,0.9749703283,0.978092678,3.5491957635812445e-08,1.1837091859470808e-08,-7.199999998874773e-06,3.1000000006997652e-06,-1.539999999522479e-05,1.7280335640289478e-05,-2.5029671760664596,-2.1907322084497287,-2.5029671700000033,-2.1907322000000007,-0.01848294953792406,-0.01748406994754822
18000,467711.57,1.29494554e-10,0.9999961257,0.001020181453,127.4999924,127.5000028,127.4999827,48.15371906,0.9998279114,0.0001000011037,9998.168765,10000.00025,0.009998280487,1.000001081e-05,999.8269682,1000.000003,0.00121896433,3.510077919e-09,0.00121896082,0.001249999972,0.00124600965,0.02925505968,0.02934874844,0.9751686779,0.9782916365,-4.489946456750575e-08,-1.5159784117097896e-08,-7.600000003549212e-06,2.8000000042993634e-06,-1.7299999996112092e-05,1.9102094124558775e-05,-2.4831322156221534,-2.1708363173591745,-2.4831322100000053,-2.170836350000005,-0.01831484954211669,-0.017303479948087775
19000,467711.5378,1.441248787e-10,0.999997139,0.001021905377,127.4999919,127.5000026,127.4999809,48.15371796,0.9998302042,0.0001000011173,9998.190331,10000.00025,0.009998303393,1.000001094e-05,999.8292458,1000.000003,0.001219367876,3.60213412e-09,0.001219364274,0.001249999972,0.001246009679,0.02926474258,0.02935846167,0.975491441,0.9786154109,-1.1374531024597804e-07,-3.800329451340767e-08,-8.100000002286833e-06,2.600000001962144e-06,-1.9100000002936213e-05,2.09088498047935e-05,-2.450855894899174,-2.138458909996972,-2.450855900000004,-2.138458909999996,-0.018099189547513807,-0.017075719948775388
20000,467711.5174,1.587263238e-10,0.9999980927,0.001025001071,127.4999918,127.5000028,127.4999798,48.15371726,0.9998327815,0.0001000011304,9998.214799,10000.00025,0.00999832914,1.000001106e-05,999.831808,1000.000003,0.001219900309,3.513210609e-09,0.001219896796,0.001249999972,0.001246009697,0.0292775231,0.02937128269,0.9759174584,0.9790427783,-1.5736193290824979e-07,-5.254007389675675e-08,-8.199999996350016e-06,2.8000000042993634e-06,-2.0199999994474638e-05,2.197999089492514e-05,-2.408254133944894,-2.095722133051754,-2.4082541600000007,-2.095722170000003,-0.017854509553634653,-0.01681949994953838
21000,467711.5168,1.733966581e-10,0.9999989271,0.001027407734,127.4999921,127.5000031,127.4999787,48.15371724,0.9998357082,0.0001000011434,9998.242765,10000.00025,0.009998358379,1.000001119e-05,999.8347189,1000.000003,0.001220523521,3.589297775e-09,0.001220519931,0.001249999972,0.001246009698,0.02929247835,0.02938628583,0.9764159669,0.9795428829,-1.5864477481348378e-07,-5.2955410484294084e-08,-7.899999999949614e-06,3.1000000006997652e-06,-2.1300000000223918e-05,2.29283667105418e-05,-2.358403332828232,-2.0457117662016815,-2.3584033100000013,-2.0457117099999977,-0.01757484956061145,-0.016528409950415577
22000,467711.5184,1.87938054e-10,0.9999996424,0.001028201995,127.4999923,127.5000038,127.4999776,48.15371729,0.9998375424,0.0001000011556,9998.259886,10000.00025,0.009998376702,1.000001132e-05,999.8365388,1000.000003,0.001221211798,3.520969738e-09,0.001221208277,0.001249999972,0.001246009696,0.02930899866,0.02940285907,0.9769666438,0.9800953244,-1.5522386319064511e-07,-5.1917069015450754e-08,-7.699999997612395e-06,3.800000001774606e-06,-2.2400000005973197e-05,2.3989372652162397e-05,-2.303335651594706,-1.9904675765861715,-2.303335620000002,-1.9904675599999977,-0.017403639564902186,-0.01634641995096287
23000,467711.5154,2.024368867e-10,1.000000954,0.001029635619,127.4999925,127.5000043,127.4999764,48.15371719,0.9998398333,0.000100001168,9998.281556,10000.00025,0.009998399591,1.000001145e-05,999.8388147,1000.000003,0.001221925397,3.568188931e-09,0.001221921829,0.001249999972,0.001246009699,0.02932612389,0.02942003909,0.9775374849,0.9806679915,-1.6163807246791112e-07,-5.3993751805580224e-08,-7.499999995275175e-06,4.300000000512227e-06,-2.360000000578566e-05,2.513364279619283e-05,-2.2462514903160193,-1.933200842604347,-2.246251509999997,-1.9332008500000053,-0.017186939570318832,-0.0161188299516484
24000,467711.5318,2.167766799e-10,1.000001669,0.001030280911,127.4999928,127.5000045,127.4999747,48.15371775,0.9998425631,0.0001000011795,9998.307699,10000.00025,0.009998426863,1.000001156e-05,999.8415301,1000.000003,0.001222640783,3.540870695e-09,0.001222637242,0.001249999972,0.001246009684,0.02934329381,0.02943726434,0.9781098157,0.9812421666,-1.2657372867605797e-07,-4.2364328387435266e-08,-7.199999998874773e-06,4.500000002849447e-06,-2.5300000004335743e-05,2.6686700811993047e-05,-2.1890184490340023,-1.8757833346020758,-2.1890184300000004,-1.8757833400000035,-0.016925509576845015,-0.015847289952457377
25000,467711.5819,2.309649e-10,1.000002027,0.00102998237,127.4999939,127.5000048,127.4999727,48.15371947,0.9998450904,0.0001000011912,9998.331804,10000.00025,0.009998452112,1.000001168e-05,999.8440438,1000.000003,0.001223333338,3.54373775e-09,0.001223329795,0.001249999972,0.00124600964,0.02935991507,0.02945393988,0.9786638576,0.9817980178,-1.945643469155157e-08,-6.645384810368547e-09,-6.099999993125493e-06,4.799999999249849e-06,-2.729999999928623e-05,2.8382036570161023e-05,-2.1336142077929465,-1.8201981968614573,-2.1336142400000035,-1.8201982200000022,-0.016684459582885273,-0.015595919953210628
26000,467711.6156,2.450021297e-10,1.000002503,0.001029942035,127.4999947,127.500005,127.499971,48.15372063,0.9998472499,0.0001000012023,9998.352293,10000.00025,0.009998473687,1.000001178e-05,999.8461909,1000.000003,0.001223982631,3.556876902e-09,0.001223979075,0.001249999972,0.00124600961,0.02937549779,0.02946957321,0.9791832816,0.9823191289,5.25965156255537e-08,1.7444135348553215e-08,-5.29999999798747e-06,5.000000001587068e-06,-2.8999999997836312e-05,2.9901337760525766e-05,-2.081671806629446,-1.7680870856204678,-2.081671839999999,-1.768087110000005,-0.016479569588002996,-0.015381209953854561
27000,467711.6442,2.588070036e-10,1.000002861,0.001029504453,127.4999953,127.5000055,127.4999698,48.15372161,0.999849181,0.0001000012132,9998.370507,10000.00025,0.00999849298,1.000001189e-05,999.8481094,1000.000003,0.001224572853,3.522053167e-09,0.001224569331,0.001249999972,0.001246009585,0.02938966393,0.02948378532,0.9796554864,0.982792866,1.1374531012152599e-07,3.7795626367196184e-08,-4.700000005186666e-06,5.50000000032469e-06,-3.0199999997648774e-05,3.105446827608408e-05,-2.034451325571705,-1.7207134084767113,-2.0344513600000003,-1.7207133999999957,-0.016297429592559337,-0.015189359954431318
28000,467711.6853,2.724683534e-10,1.000003576,0.001028365816,127.4999958,127.5000068,127.4999687,48.15372302,0.9998507183,0.0001000012239,9998.384814,10000.00025,0.009998508339,1.0000012e-05,999.8496345,1000.000003,0.001225089385,3.568266964e-09,0.001225085817,0.001249999972,0.001246009548,0.0294020596,0.02949622155,0.9800686753,0.983207407,2.0161997652313853e-07,6.707685342766303e-08,-4.200000006449045e-06,6.799999994200334e-06,-3.1300000003398054e-05,3.230433407745801e-05,-1.9931324446461531,-1.6792592828510047,-1.993132470000003,-1.6792593000000022,-0.016154359596141463,-0.015036849954890772
29000,467711.7239,2.858566717e-10,1.000003695,0.001027427748,127.4999956,127.5000088,127.499967,48.15372435,0.9998519546,0.0001000012342,9998.396147,10000.00025,0.009998520692,1.00000121e-05,999.8508589,1000.000003,0.001225526316,3.513597138e-09,0.001225522803,0.001249999972,0.001246009514,0.02941254727,0.02950674361,0.9804182642,0.9835581425,2.8414946844406135e-07,9.469673413798053e-08,-4.39999999457541e-06,8.800000003361674e-06,-3.300000000194814e-05,3.443544685552964e-05,-1.9581735638630828,-1.6441857602060086,-1.95817358,-1.6441857500000046,-0.016041029598970944,-0.014914409955251175
30000,467711.7237,2.990930559e-10,1.000003934,0.001026363217,127.4999957,127.5000111,127.4999649,48.15372434,0.9998527635,0.0001000012444,9998.403212,10000.00025,0.009998528773,1.000001221e-05,999.8516563,1000.000003,0.001225875052,3.566141708e-09,0.001225871486,0.001249999972,0.001246009514,0.02942091566,0.0295151388,0.9806972105,0.983837982,2.8372185447565003e-07,9.448906584421187e-08,-4.300000000512227e-06,1.1099999994712562e-05,-3.510000000517266e-05,3.706359400071915e-05,-1.9302789232382485,-1.6162017844753118,-1.9302789499999973,-1.6162017999999945,-0.01597037960073935,-0.014834669955500725
31000,467711.6777,3.120517456e-10,1.000003815,0.001024840114,127.499996,127.5000137,127.4999635,48.15372276,0.9998533077,0.0001000012542,9998.407679,10000.00025,0.00999853421,1.000001231e-05,999.8521902,1000.000003,0.001226137116,3.516948907e-09,0.001226133599,0.001249999972,0.001246009555,0.02942720637,0.02952144869,0.980906901,0.9840483118,1.8537064647021992e-07,6.167747823234928e-08,-4.0000000041118255e-06,1.3699999996674705e-05,-3.649999999311149e-05,3.919107040435257e-05,-1.909309882768543,-1.5951688267751698,-1.9093099000000002,-1.5951688200000036,-0.01592570960184951,-0.014781279955655856
32000,467711.605,3.248344371e-10,1.000003338,0.001023679052,127.4999965,127.5000163,127.4999624,48.15372027,0.9998536843,0.000100001264,9998.410465,10000.00025,0.009998537973,1.00000124e-05,999.8525572,1000.000003,0.001226310717,3.555381658e-09,0.001226307162,0.001249999972,0.001246009619,0.02943137188,0.02952562602,0.9810457514,0.9841875558,2.9932976295369143e-08,9.968077363110006e-09,-3.500000005374204e-06,1.629999999863685e-05,-3.759999999886077e-05,4.1130280814838967e-05,-1.8954248424575062,-1.5812443740051128,-1.8954248599999945,-1.5812444200000053,-0.01589784960253677,-0.014744579955767667
33000,467711.5342,3.37363415e-10,1.000003099,0.001022339082,127.499997,127.5000196,127.4999621,48.15371784,0.9998540423,0.0001000012733,9998.413114,10000.00025,0.009998541549,1.000001249e-05,999.852906,1000.000003,0.001226402336,3.529655207e-09,0.001226398807,0.001249999972,0.001246009682,0.02943357136,0.02952783105,0.9811190674,0.984261057,-1.2144236130402598e-07,-4.049531389107446e-08,-3.000000006636583e-06,1.9600000001673834e-05,-3.789999999526117e-05,4.2773473084918305e-05,-1.8880932422932744,-1.5738942709114485,-1.888093260000001,-1.5738943000000005,-0.015871359603198826,-0.014709699955873966
34000,467711.4769,3.496818113e-10,1.000002861,0.001020970089,127.499997,127.5000233,127.4999623,48.15371587,0.9998542042,0.0001000012826,9998.413802,10000.00025,0.009998543167,1.000001258e-05,999.8530587,1000.000003,0.001226417,3.540643835e-09,0.001226413459,0.001249999972,0.001246009733,0.02943392302,0.02952818263,0.9811307893,0.9842727762,-2.439537574046283e-07,-8.140596436968626e-08,-3.000000006636583e-06,2.3299999995174403e-05,-3.769999999292395e-05,4.442049075912391e-05,-1.886921082267018,-1.5727223857889372,-1.8869210700000028,-1.5727223800000023,-0.015864479603388194,-0.014694429955913992
35000,467711.4315,3.617820488e-10,1.000002265,0.001019903083,127.4999965,127.5000273,127.4999623,48.15371431,0.9998543127,0.0001000012915,9998.413993,10000.00025,0.00999854425,1.000001267e-05,999.8531582,1000.000003,0.001226363731,3.543390157e-09,0.001226360187,0.001249999972,0.001246009773,0.0294326445,0.02952689906,0.9810881719,0.9842299905,-3.410221236292764e-07,-1.138022155415687e-07,-3.500000005374204e-06,2.729999999928623e-05,-3.769999999292395e-05,4.6677939109017154e-05,-1.8911828423624872,-1.5770009534267018,-1.8911828100000028,-1.577000949999996,-0.01586256960342599,-0.014684479955940542
36000,467711.4,3.736476129e-10,1.00000155,0.001018880008,127.4999956,127.5000312,127.499962,48.15371323,0.9998543181,0.0001000013004,9998.413161,10000.00025,0.009998544304,1.000001276e-05,999.8531544,1000.000003,0.001226252077,3.529207539e-09,0.001226248548,0.001249999972,0.001246009801,0.02942996515,0.02952421046,0.9809988603,0.9841403707,-4.08371320418309e-07,-1.3623038935034114e-07,-4.39999999457541e-06,3.119999999512402e-05,-3.8000000003535206e-05,4.936395445987566e-05,-1.9001139625625405,-1.5859628860174544,-1.9001139699999947,-1.5859629299999956,-0.015870889603215175,-0.014684859955945264
37000,467711.391,3.853233843e-10,1.000001073,0.001017879397,127.4999952,127.5000356,127.4999626,48.15371292,0.9998542291,0.000100001309,9998.411411,10000.00025,0.009998543416,1.000001285e-05,999.8530565,1000.000003,0.001226091611,3.552910553e-09,0.001226088059,0.001249999972,0.001246009809,0.02942611341,0.0295203462,0.9808704688,0.9840115618,-4.2761394812565493e-07,-1.4266810601449822e-07,-4.799999999249849e-06,3.560000000391028e-05,-3.739999999652355e-05,5.185711137357317e-05,-1.9129530828501475,-1.5988437535647073,-1.912953120000005,-1.5988438199999955,-0.015888389602790334,-0.014694649955917325
38000,467711.3767,3.967456086e-10,1.000000834,0.001017139757,127.4999948,127.5000401,127.499964,48.15371243,0.9998539992,0.0001000013174,9998.408271,10000.00025,0.009998541118,1.000001294e-05,999.8528177,1000.000003,0.001225894827,3.525076366e-09,0.001225891302,0.001249999972,0.001246009822,0.02942139125,0.02951560861,0.9807130635,0.9838536424,-4.5818834537364104e-07,-1.528438515238197e-07,-5.200000003924288e-06,4.010000000675973e-05,-3.5999999994373866e-05,5.413917251101887e-05,-1.9286936432027235,-1.614635747229273,-1.9286936500000018,-1.614635760000005,-0.015919789601994267,-0.014718529955849059
39000,467711.3738,4.07996803e-10,1.000000596,0.001016700514,127.4999944,127.5000445,127.4999658,48.15371233,0.9998536142,0.0001000013257,9998.403591,10000.00025,0.009998537272,1.000001302e-05,999.8524249,1000.000003,0.001225670903,3.555247915e-09,0.001225667348,0.001249999972,0.001246009825,0.02941601636,0.02951021645,0.9805339004,0.9836739036,-4.643887476667014e-07,-1.5492053431394915e-07,-5.599999994387872e-06,4.450000000133514e-05,-3.42000000017606e-05,5.6402570864956116e-05,-1.9466099636040513,-1.632609678659624,-1.9466099600000009,-1.6326096400000045,-0.01596658960082434,-0.014757809955729815
40000,467711.3902,4.189981417e-10,1.000000477,0.001016296452,127.4999937,127.5000494,127.4999674,48.15371289,0.9998533432,0.0001000013337,9998.40008,10000.00025,0.009998534563,1.00000131e-05,999.8521465,1000.000003,0.001225432062,3.528216671e-09,0.001225428534,0.001249999972,0.00124600981,0.02941028481,0.02950446689,0.9803428489,0.9834822517,-4.293244038748482e-07,-1.4329111074824703e-07,-6.299999995462713e-06,4.939999999464817e-05,-3.25999999972737e-05,5.952150871102239e-05,-1.9657150840320108,-1.6517747962192983,-1.9657151099999992,-1.6517748299999968,-0.016001699599954584,-0.014785649955641945
41000,467711.4148,4.298294498e-10,1.000000238,0.001016094096,127.4999932,127.5000549,127.4999688,48.15371374,0.9998530985,0.0001000013417,9998.396836,10000.00025,0.00999853212,1.000001318e-05,999.8518946,1000.000003,0.001225186586,3.551869742e-09,0.001225183035,0.001249999972,0.001246009788,0.02940439283,0.02949855656,0.9801464496,0.9832852407,-3.7672788824929453e-07,-1.2563930725348232e-07,-6.799999994200334e-06,5.489999999497286e-05,-3.119999999512402e-05,6.35113375631854e-05,-1.9853550044719466,-1.6714758744736342,-1.985355040000003,-1.6714759299999993,-0.016034139599138988,-0.014810839955563032
42000,467711.4409,4.404328013e-10,1.000000119,0.00101598545,127.4999934,127.5000609,127.4999702,48.15371463,0.9998531016,0.0001000013494,9998.3961,10000.00025,0.009998532151,1.000001325e-05,999.8518903,1000.000003,0.001224944965,3.536003984e-09,0.001224941429,0.001249999972,0.001246009765,0.0293985943,0.02949274002,0.9799531654,0.9830913558,-3.2092426810955986e-07,-1.0715683058364297e-07,-6.600000006073969e-06,6.089999999403517e-05,-2.9799999992974335e-05,6.812055489303452e-05,-2.004683484904902,-1.690864437165941,-2.0046834600000007,-1.6908644200000045,-0.016041499598954595,-0.014811269955561793
43000,467711.4648,4.508610152e-10,1.000000119,0.001015996761,127.4999935,127.5000666,127.4999724,48.15371545,0.9998531962,0.000100001357,9998.396283,10000.00025,0.009998533097,1.000001333e-05,999.8519774,1000.000003,0.001224713967,3.545809358e-09,0.001224710421,0.001249999972,0.001246009744,0.02939305011,0.02948717857,0.9797683588,0.9829059742,-2.698244012489938e-07,-9.012803197018428e-08,-6.499999997799932e-06,6.659999999669708e-05,-2.759999999568663e-05,7.238487410566763e-05,-2.02316412531887,-1.7094026031950538,-2.0231641199999983,-1.7094025799999968,-0.01603966959899928,-0.014802559955590586
44000,467711.5239,4.610871407e-10,1.0,0.00101616835,127.4999939,127.5000725,127.499975,48.15371748,0.9998533781,0.0001000013644,9998.397363,10000.00025,0.009998534914,1.00000134e-05,999.8521516,1000.000003,0.001224500845,3.544401843e-09,0.001224497301,0.001249999972,0.001246009691,0.02938793521,0.02948204853,0.9795978623,0.9827349731,-1.4346447968159355e-07,-4.797137187651767e-08,-6.099999993125493e-06,7.250000000169621e-05,-2.4999999993724487e-05,7.69315279963183e-05,-2.040213725700777,-1.7265026231645872,-2.040213769999999,-1.726502689999998,-0.016028869599269264,-0.014785139955648174
45000,467711.6272,4.711202539e-10,1.000000119,0.001016338858,127.4999938,127.500079,127.4999774,48.15372103,0.999853557,0.0001000013717,9998.398422,10000.00025,0.009998536701,1.000001348e-05,999.8523228,1000.000003,0.001224310686,3.54052563e-09,0.001224307145,0.001249999972,0.0012460096,0.02938337149,0.02947747236,0.9794457382,0.9825824341,7.739812454889088e-08,2.5750866361513897e-08,-6.2000000013995304e-06,7.899999999949614e-05,-2.2599999994099562e-05,8.240266985766325e-05,-2.055426206041535,-1.741756644571589,-2.0554261799999973,-1.7417565899999987,-0.01601827959953233,-0.014768019955692735
46000,467711.7576,4.809792009e-10,1.000000358,0.001016663259,127.4999935,127.5000852,127.4999794,48.1537255,0.9998538473,0.0001000013788,9998.400613,10000.00025,0.009998539601,1.000001355e-05,999.8526052,1000.000003,0.001224147062,3.55046875e-09,0.001224143511,0.001249999972,0.001246009484,0.02937944427,0.02947353531,0.979314831,0.982451199,3.5620241876116663e-07,1.1857858600313364e-07,-6.499999997799932e-06,8.520000000089567e-05,-2.0599999999149077e-05,8.789567679976623e-05,-2.068516926334779,-1.7548801418272393,-2.0685168999999948,-1.7548801000000003,-0.01599636960008424,-0.014739779955782815
47000,467711.8957,4.906383633e-10,1.000000238,0.001016978198,127.4999938,127.5000915,127.4999815,48.15373024,0.9998542401,0.0001000013858,9998.403843,10000.00025,0.009998543526,1.000001363e-05,999.8529902,1000.000003,0.001224013133,3.538045872e-09,0.001224009595,0.001249999972,0.001246009361,0.02937623027,0.02947031392,0.9792076977,0.9823438192,6.514698498861147e-07,2.170133491338358e-07,-6.2000000013995304e-06,9.149999999635838e-05,-1.8499999995924554e-05,9.35571483062633e-05,-2.079230206574744,-1.765618035352782,-2.0792302299999954,-1.7656180799999976,-0.01596406960088916,-0.014701279955893203
48000,467712.0551,5.001440373e-10,1.000000358,0.001017451199,127.4999946,127.5000975,127.4999835,48.15373571,0.9998546621,0.0001000013927,9998.407375,10000.00025,0.009998547742,1.000001369e-05,999.8534049,1000.000003,0.00122390937,3.552758968e-09,0.001223905817,0.001249999972,0.00124600922,0.02937373962,0.02946781863,0.9791246757,0.982260643,9.922781665311854e-07,3.3060789638163584e-07,-5.400000006261507e-06,9.74999999954207e-05,-1.650000000097407e-05,9.903363064740585e-05,-2.087532446760725,-1.7739357498494277,-2.0875324300000053,-1.7739356999999956,-0.015928749601765834,-0.014659809956021131
49000,467712.2314,5.09448761e-10,1.000000238,0.001017889818,127.4999954,127.5001028,127.499985,48.15374176,0.9998551805,0.0001000013994,9998.411891,10000.00025,0.009998552923,1.000001376e-05,999.8539168,1000.000003,0.001223837069,3.538749738e-09,0.001223833531,0.001249999972,0.001246009063,0.02937200473,0.0294660819,0.9790668463,0.9822027518,1.3692198617646856e-06,4.562472037826753e-07,-4.599999996912629e-06,0.00010279999999340816,-1.5000000004761205e-05,0.00010399038416487916,-2.0933153268902607,-1.779724775565294,-2.093315370000004,-1.7797248199999949,-0.01588358960290426,-0.014608619956175479
50000,467712.4085,5.18611154e-10,1.000000238,0.001018312636,127.4999959,127.5001073,127.4999862,48.15374784,0.9998559645,0.000100001406,9998.419069,10000.00025,0.009998560755,1.000001382e-05,999.8546939,1000.000003,0.001223794406,3.551655294e-09,0.001223790855,0.001249999972,0.001246008906,0.02937098051,0.02946505811,0.9790327057,0.9821686258,1.747872012871831e-06,5.825095159174637e-07,-4.099999998175008e-06,0.00010729999999625761,-1.3800000004948743e-05,0.00010826144281007207,-2.096729406966729,-1.783137415231273,-2.0967294299999995,-1.7831374200000027,-0.015811809604700362,-0.014530909956403583
51000,467712.5925,5.275931914e-10,1.000000358,0.001018832699,127.4999963,127.5001111,127.4999871,48.15375416,0.9998567902,0.0001000014124,9998.426682,10000.00025,0.009998569004,1.000001388e-05,999.8555126,1000.000003,0.001223780411,3.54166832e-09,0.00122377687,0.001249999972,0.001246008742,0.02937064487,0.02946472526,0.9790215175,0.9821575306,2.1412768451424556e-06,7.137558666600284e-07,-3.699999993500569e-06,0.00011109999999803222,-1.2900000001536682e-05,0.00011190759580812336,-2.097848206991795,-1.78424687168045,-2.0978482500000006,-1.7842469400000005,-0.015735679606605966,-0.014449039956652393
52000,467712.7826,5.364338418e-10,1.000000477,0.001019254708,127.4999973,127.5001146,127.4999877,48.15376068,0.9998576391,0.0001000014188,9998.434534,10000.00025,0.009998577484,1.000001394e-05,999.8563544,1000.000003,0.001223791839,3.548547831e-09,0.001223788291,0.001249999972,0.001246008574,0.02937091897,0.02946500423,0.9790306543,0.9821668298,2.5477239027029135e-06,8.491555829828521e-07,-2.6999999960253263e-06,0.00011460000000340642,-1.2299999994525024e-05,0.0001152898087457196,-2.096934526971319,-1.7833170223433659,-2.0969345699999975,-1.783317019999997,-0.015657159608562576,-0.01436485995690601
53000,467712.9744,5.451027407e-10,1.000000715,0.001019695181,127.4999985,127.5001177,127.4999879,48.15376726,0.9998583887,0.000100001425,9998.44141,10000.00025,0.009998584973,1.0000014e-05,999.8570971,1000.000003,0.001223826021,3.545215695e-09,0.001223822476,0.001249999972,0.001246008403,0.02937173942,0.02946583134,0.9790580026,0.9821943999,2.9578056789948677e-06,9.858013090682877e-07,-1.499999996212864e-06,0.00011770000000410619,-1.2100000006398659e-05,0.00011832983563374913,-2.0941997269100763,-1.7805599823069629,-2.0941997400000023,-1.7805600099999985,-0.015588399610286921,-0.014290589957124204
54000,467713.1622,5.536223702e-10,1.000000834,0.001020046245,127.4999996,127.5001205,127.4999876,48.15377371,0.9998589977,0.0001000014311,9998.446888,10000.00025,0.009998591058,1.000001407e-05,999.8576994,1000.000003,0.001223879306,3.545132201e-09,0.001223875761,0.001249999972,0.001246008237,0.02937301827,0.02946711823,0.9791006309,0.9822372962,3.3593351762919514e-06,1.119747347482288e-06,-4.0000000467443897e-07,0.0001204999999941947,-1.2400000002799061e-05,0.00012113698856531839,-2.089936926814588,-1.7762704404979033,-2.089936910000001,-1.7762703800000001,-0.015533619611646935,-0.01423035995730803
55000,467713.3461,5.619926746e-10,1.000000954,0.001020337811,127.5000007,127.5001235,127.4999874,48.15378002,0.9998598066,0.0001000014371,9998.454379,10000.00025,0.009998599138,1.000001413e-05,999.8585013,1000.000003,0.00122394811,3.54796465e-09,0.001223944562,0.001249999972,0.001246008073,0.02937466949,0.0294687786,0.9791556716,0.982292642,3.7525262015783703e-06,1.250786029931084e-06,7.000000010748408e-07,0.00012350000000083128,-1.260000000513628e-05,0.00012414306263475324,-2.0844328466912936,-1.7707357984349132,-2.0844328399999945,-1.7707358000000006,-0.015458709613516683,-0.014150169957554384
56000,467713.5378,5.702092687e-10,1.000000954,0.001020762832,127.5000022,127.5001268,127.4999871,48.1537866,0.9998606404,0.000100001443,9998.462128,10000.00025,0.009998607469,1.000001419e-05,999.8593282,1000.000003,0.001224028492,3.542699045e-09,0.001224024949,0.001249999972,0.001246007903,0.02937659878,0.0294707181,0.9792199812,0.9823572918,4.162394170761667e-06,1.3874317558689626e-06,2.199999997287705e-06,0.00012680000000386826,-1.2900000001536682e-05,0.00012747348744350216,-2.078001886547228,-1.764270832237242,-2.078001880000002,-1.7642708200000023,-0.015381219615468815,-0.014067479957791808
57000,467713.7306,5.78295134e-10,1.000001073,0.001020910623,127.5000045,127.500131,127.4999868,48.15379321,0.9998615765,0.0001000014488,9998.470911,10000.00025,0.00999861682,1.000001425e-05,999.8602572,1000.000003,0.001224116309,3.549085399e-09,0.00122411276,0.001249999972,0.001246007732,0.02937870624,0.02947283635,0.9792902297,0.9824279003,4.574614016771226e-06,1.5247004868357042e-06,4.500000002849447e-06,0.00013099999999610645,-1.3199999997937084e-05,0.000131740236825926,-2.0709770063898727,-1.7572099624819961,-2.0709770299999986,-1.7572099699999955,-0.015293389617653254,-0.013974579958077684
58000,467713.9302,5.862260677e-10,1.000001073,0.001020906504,127.500007,127.5001356,127.4999865,48.15380006,0.9998624933,0.0001000014544,9998.479512,10000.00025,0.009998625981,1.000001431e-05,999.8611672,1000.000003,0.001224208217,3.541829804e-09,0.001224204675,0.001249999972,0.001246007555,0.02938091221,0.02947505359,0.9793637622,0.9825018082,5.001372736960058e-06,1.666953256262665e-06,6.999999996537554e-06,0.00013559999999301908,-1.3499999994337486e-05,0.0001364500274749163,-2.0636238062251744,-1.7498192456786659,-2.0636237800000012,-1.7498191800000007,-0.015207379619808066,-0.013883579958353065
59000,467714.1411,5.940363201e-10,1.000001073,0.001021179173,127.5000099,127.5001399,127.4999862,48.1538073,0.9998633644,0.00010000146,9998.487665,10000.00025,0.009998634684,1.000001437e-05,999.8620317,1000.000003,0.00122430028,3.54853233e-09,0.001224296732,0.001249999972,0.001246007367,0.02938312157,0.02947727445,0.9794374074,0.9825758371,5.452291645244063e-06,1.8173050884088179e-06,9.8999999949001e-06,0.0001398999999935313,-1.3800000004948743e-05,0.0001409271442917427,-2.0562592460601974,-1.7424162629369058,-2.056259260000004,-1.742416290000004,-0.015125849621839564,-0.01379712995860899
60000,467714.3732,6.016983578e-10,1.000001192,0.001020962507,127.500013,127.5001442,127.4999856,48.15381527,0.9998643276,0.0001000014655,9998.496752,10000.00025,0.009998644307,1.000001442e-05,999.8629888,1000.000003,0.001224389883,3.542388999e-09,0.001224386341,0.001249999972,0.001246007161,0.02938527217,0.02947943683,0.9795090944,0.9826479163,5.948537631939532e-06,1.9828167049671832e-06,1.2999999995599865e-05,0.00014419999999404354,-1.4399999997749546e-05,0.00014549914088441532,-2.0490905258996226,-1.7352083259816793,-2.04909056,-1.7352083699999965,-0.01503497962412587,-0.013701419958891063
61000,467714.6306,6.092467641e-10,1.000001192,0.001020967179,127.5000162,127.5001486,127.4999845,48.1538241,0.9998652243,0.0001000014709,9998.505178,10000.00025,0.009998653265,1.000001447e-05,999.8638796,1000.000003,0.001224473977,3.546853263e-09,0.001224470431,0.001249999972,0.001246006933,0.02938729033,0.02948146687,0.9795763663,0.9827155841,6.498876783149995e-06,2.1661877931665243e-06,1.6200000004573667e-05,0.0001486000000028298,-1.5500000003498826e-05,0.00015028190177495649,-2.0423633257489255,-1.7284415864482108,-2.04236337,-1.728441589999996,-0.014950719626229101,-0.013612339959160382
62000,467714.9251,6.166677169e-10,1.000001311,0.001020978294,127.5000196,127.5001527,127.4999832,48.15383421,0.9998661437,0.0001000014761,9998.513845,10000.00025,0.009998662451,1.000001452e-05,999.8647932,1000.000003,0.001224550545,3.543754654e-09,0.001224547002,0.001249999972,0.001246006671,0.02938912804,0.02948331665,0.9796376232,0.9827772436,7.1285383217672e-06,2.376140420754897e-06,1.9600000001673834e-05,0.0001527000000010048,-1.679999999737447e-05,0.0001548666846041597,-2.0362376456117106,-1.7222756105131527,-2.036237679999997,-1.7222756400000039,-0.014864049628395257,-0.013520979959435478
63000,467715.2498,6.239664341e-10,1.000001431,0.001020771815,127.5000233,127.5001558,127.4999819,48.15384535,0.9998670203,0.0001000014813,9998.522091,10000.00025,0.00999867121,1.000001457e-05,999.8656642,1000.000003,0.001224617727,3.54487171e-09,0.001224614182,0.001249999972,0.001246006383,0.02939074036,0.02948494096,0.9796913673,0.9828313874,7.822769566503215e-06,2.607482880830756e-06,2.3299999995174403e-05,0.00015580000000170457,-1.810000000546097e-05,0.0001585690385936169,-2.030863245491323,-1.7168612690806668,-2.030863270000005,-1.7168612600000022,-0.014781589630444394,-0.01343387995970068
64000,467715.6092,6.31141861e-10,1.000001431,0.001020706508,127.5000272,127.5001591,127.4999803,48.15385768,0.9998678846,0.0001000014864,9998.530224,10000.00025,0.009998679843,1.000001462e-05,999.8665226,1000.000003,0.001224674179,3.545181995e-09,0.001224670633,0.001249999972,0.001246006064,0.0293920952,0.0294863077,0.9797365286,0.9828769452,8.59119183127394e-06,2.863537865946843e-06,2.7200000005223046e-05,0.00015910000000474156,-1.9699999995737016e-05,0.00016260608845189325,-2.0263471653901672,-1.7123055510265914,-2.0263471399999955,-1.7123054799999982,-0.01470025963248403,-0.013348039959949824
65000,467716.0215,6.381961071e-10,1.000001431,0.001020605817,127.5000317,127.5001624,127.4999777,48.15387183,0.9998689043,0.0001000014915,9998.539918,10000.00025,0.009998690031,1.000001467e-05,999.8675365,1000.000003,0.001224719158,3.543348778e-09,0.001224715615,0.001249999972,0.001246005697,0.02939317475,0.02948739937,0.9797725136,0.9829133343,9.472717985213575e-06,3.1573884772825686e-06,3.169999999386164e-05,0.0001623999999935677,-2.229999999769916e-05,0.00016696089361709524,-2.0227486053095576,-1.708666505398801,-2.022748640000005,-1.7086665699999948,-0.014603319634904445,-0.013246649960256457
66000,467716.4586,6.451394974e-10,1.000001431,0.001020378797,127.5000347,127.5001659,127.4999748,48.15388684,0.9998698729,0.0001000014964,9998.54911,10000.00025,0.009998699709,1.000001472e-05,999.8684994,1000.000003,0.001224752225,3.546104528e-09,0.001224748679,0.001249999972,0.001246005309,0.0293939683,0.02948820465,0.9797989653,0.982940177,1.0407268268871627e-05,3.469098560406828e-06,3.470000000049822e-05,0.0001658999999989419,-2.5199999996061706e-05,0.00017135326083703517,-2.0201034852503117,-1.7059822977046373,-2.020103470000001,-1.7059822999999974,-0.014511399637207146,-0.013150359960546282
67000,467716.9209,6.519606521e-10,1.000001311,0.001020168791,127.5000368,127.5001687,127.4999717,48.1539027,0.9998708257,0.0001000015013,9998.558153,10000.00025,0.009998709228,1.000001477e-05,999.8694464,1000.000003,0.00122477378,3.542709089e-09,0.001224770237,0.001249999972,0.001246004899,0.02939448569,0.02948873341,0.9798162115,0.9829578024,1.1395697909936015e-05,3.7984604471734087e-06,3.6800000003722744e-05,0.00016870000000324126,-2.829999999676147e-05,0.00017497091187161453,-2.018378845211684,-1.7042197841310522,-2.018378850000002,-1.704219760000003,-0.0144209696394677,-0.013055659960830735
68000,467717.4036,6.586862167e-10,1.000001311,0.001019938344,127.5000387,127.5001707,127.4999683,48.15391927,0.9998717957,0.000100001506,9998.567375,10000.00025,0.00999871892,1.000001481e-05,999.8704107,1000.000003,0.001224784048,3.546300777e-09,0.001224780502,0.001249999972,0.00124600447,0.02939473204,0.0294889907,0.9798244232,0.9829663785,1.2427744173662674e-05,4.142566781469551e-06,3.870000000461005e-05,0.00017069999999819174,-3.169999999386164e-05,0.00017787936923474375,-2.017557645193292,-1.7033621075211836,-2.017557680000004,-1.7033621499999985,-0.014328749641767289,-0.012959229961123609
69000,467717.8907,6.652926543e-10,1.000001311,0.001019854718,127.5000408,127.5001722,127.4999649,48.15393598,0.9998728836,0.0001000015107,9998.577785,10000.00025,0.009998729789,1.000001486e-05,999.8714927,1000.000003,0.001224784008,3.542984903e-09,0.001224780465,0.001249999972,0.001246004038,0.02939473117,0.02948900006,0.9798243941,0.9829666905,1.3469197944196574e-05,4.489580471583339e-06,4.0799999993623715e-05,0.0001721999999944046,-3.510000000517266e-05,0.00018041477211668607,-2.0175606051933466,-1.7033309967491452,-2.0175605900000004,-1.7033309500000038,-0.014224649644380234,-0.012851029961448537
70000,467718.404,6.71800171e-10,1.000001192,0.001019903902,127.5000429,127.500174,127.4999609,48.1539536,0.9998740841,0.0001000015154,9998.589327,10000.00025,0.009998741783,1.000001491e-05,999.8726872,1000.000003,0.00122477455,3.54589944e-09,0.001224771004,0.001249999972,0.001246003582,0.0293945041,0.02948878305,0.9798168253,0.9829594571,1.4566669141978867e-05,4.855491974954504e-06,4.289999999684824e-05,0.00017400000000122873,-3.909999999507363e-05,0.00018342633398662236,-2.018317485210312,-1.7040543307202154,-2.0183174699999973,-1.704054290000001,-0.014109229647263829,-0.0127315799618072
71000,467718.9304,6.781990525e-10,1.000001073,0.001019662666,127.5000446,127.5001759,127.4999583,48.15397166,0.9998751584,0.0001000015199,9998.599617,10000.00025,0.009998752514,1.000001496e-05,999.8737556,1000.000003,0.001224756868,3.54388732e-09,0.001224753324,0.001249999972,0.001246003114,0.02939407978,0.02948836843,0.9798026812,0.9829456363,1.569214905344758e-05,5.230540882513704e-06,4.459999999539832e-05,0.00017590000000211603,-4.1699999997035775e-05,0.00018619575720216274,-2.019731885241981,-1.7054363477297034,-2.0197318799999975,-1.705436370000002,-0.014006329649834648,-0.012624739962126891
72000,467719.4869,6.845017331e-10,1.000001073,0.001019355309,127.5000465,127.5001771,127.4999553,48.15399076,0.9998760937,0.0001000015244,9998.608522,10000.00025,0.00999876186,1.000001501e-05,999.8746855,1000.000003,0.001224732306,3.545243792e-09,0.001224728761,0.001249999972,0.00124600262,0.02939349027,0.02948778872,0.9797830308,0.9829263127,1.68819848640509e-05,5.627187290706603e-06,4.6499999996285624e-05,0.0001771000000019285,-4.470000000367236e-05,0.00018848010505267114,-2.021696925286004,-1.7073687212632083,-2.0216969200000046,-1.7073687300000029,-0.01391727965205494,-0.012531749962398486
73000,467720.1019,6.907033279e-10,1.000001073,0.001019625965,127.50005,127.500179,127.4999518,48.15401187,0.9998768829,0.0001000015288,9998.615974,10000.00025,0.009998769744,1.000001505e-05,999.8754695,1000.000003,0.001224702458,3.544989143e-09,0.001224698913,0.001249999972,0.001246002074,0.02939277391,0.02948708299,0.9797591521,0.9829027882,1.8196897754440842e-05,6.065575022553188e-06,5.000000000165983e-05,0.0001790000000028158,-4.819999999483571e-05,0.00019200062500074368,-2.0240847653394916,-1.7097211509135963,-2.0240847900000025,-1.7097211800000012,-0.01384275965391964,-0.012453349962638359
74000,467720.7433,6.968091659e-10,1.000001073,0.001019199388,127.5000544,127.5001807,127.4999477,48.15403388,0.9998775473,0.0001000015331,9998.622185,10000.00025,0.009998776383,1.00000151e-05,999.876129,1000.000003,0.001224668639,3.544705715e-09,0.001224665094,0.001249999972,0.001246001505,0.02939196226,0.02948628221,0.9797320972,0.9828760958,1.956825568592313e-05,6.52265289936338e-06,5.439999999623524e-05,0.00018070000000136588,-5.2299999993010715e-05,0.0001958242579440886,-2.0267902854000917,-1.7123904677787634,-2.0267902800000015,-1.7123904199999984,-0.01378064965547345,-0.01238739996283787
75000,467721.4124,7.028296833e-10,1.000001073,0.00101921157,127.5000593,127.500182,127.4999433,48.15405684,0.9998783296,0.0001000015374,9998.629581,10000.00025,0.009998784197,1.000001514e-05,999.8769062,1000.000003,0.001224632082,3.545912677e-09,0.001224628536,0.001249999972,0.00124600091,0.02939108486,0.02948541606,0.9797028506,0.9828472241,2.0998838149292447e-05,6.999459262458468e-06,5.9300000003759124e-05,0.00018199999999524152,-5.670000000179698e-05,0.00019963812260917883,-2.0297149254656097,-1.7152775594682348,-2.0297149400000047,-1.7152775899999972,-0.01370668965733183,-0.01230967996306944
76000,467722.1345,7.087675447e-10,1.000001073,0.001019111269,127.5000648,127.5001838,127.4999383,48.15408162,0.9998791848,0.0001000015416,9998.637713,10000.00025,0.009998792741,1.000001518e-05,999.8777566,1000.000003,0.001224594319,3.544541157e-09,0.001224590774,0.001249999972,0.001246000269,0.02939017859,0.02948452205,0.9796726415,0.9828174237,2.2542738308939327e-05,7.514061251773194e-06,6.480000000408381e-05,0.00018380000000206564,-6.170000000338405e-05,0.00020442203893344325,-2.0327358855332816,-1.7182576547260748,-2.0327358500000003,-1.7182576299999974,-0.013625369659356413,-0.012224639963325535
77000,467722.8617,7.146133685e-10,1.000001073,0.001019064631,127.5000695,127.5001859,127.4999335,48.15410658,0.99987981,0.0001000015457,9998.643552,10000.00025,0.009998798988,1.000001522e-05,999.8783773,1000.000003,0.001224556594,3.546444436e-09,0.001224553047,0.001249999972,0.001245999623,0.02938927314,0.02948362898,0.9796424599,0.9827876546,2.4097542624282892e-05,8.032401270080642e-06,6.949999999505962e-05,0.00018590000000529017,-6.65000000026339e-05,0.00020931151425956115,-2.0357540456008847,-1.7212345496833203,-2.0357540100000016,-1.721234540000005,-0.013566979660821474,-0.012162569963510431
78000,467723.6221,7.203641017e-10,1.000001073,0.0010190867,127.5000753,127.5001883,127.4999283,48.15413267,0.9998806594,0.0001000015498,9998.651639,10000.00025,0.009998807473,1.000001526e-05,999.8792219,1000.000003,0.00122452013,3.544804667e-09,0.001224516585,0.001249999972,0.001245998948,0.02938839805,0.02948276706,0.9796132902,0.9827589238,2.572333085489808e-05,8.574207803813261e-06,7.530000000599557e-05,0.0001883000000049151,-7.170000000655818e-05,0.00021509967457830894,-2.038671005666226,-1.7241076354424048,-2.0386709800000014,-1.7241076200000038,-0.01348610966284163,-0.012078109963770142
79000,467724.3978,7.260322898e-10,1.000001192,0.001018967711,127.5000831,127.5001914,127.4999232,48.15415929,0.9998815166,0.0001000015538,9998.65981,10000.00025,0.009998816039,1.00000153e-05,999.8800745,1000.000003,0.001224485683,3.546575957e-09,0.001224482136,0.001249999972,0.001245998259,0.02938757127,0.02948195392,0.9795857309,0.9827318193,2.738183155260331e-05,9.12702075608272e-06,8.309999999767115e-05,0.00019140000000561486,-7.680000000220844e-05,0.00022234614906065165,-2.0414269257279622,-1.7268180629135224,-2.0414269099999993,-1.7268180700000024,-0.01340439966488945,-0.011992849964022903
80000,467725.2256,7.316123818e-10,1.000001192,0.001018978109,127.5000932,127.5001936,127.4999177,48.1541877,0.9998822826,0.0001000015577,9998.667076,10000.00025,0.009998823691,1.000001533e-05,999.8808358,1000.000003,0.001224454237,3.545384711e-09,0.001224450691,0.001249999972,0.001245997524,0.02938681659,0.02948121421,0.9795605749,0.9827071622,2.915172568385271e-05,9.71700632983807e-06,9.319999999490847e-05,0.00019360000000290256,-8.230000000253312e-05,0.000230088004903758,-2.043942525784304,-1.72928377344031,-2.0439425099999964,-1.7292837800000016,-0.01333173966670068,-0.0119167199642491
81000,467726.1306,7.371120381e-10,1.000001073,0.001019061361,127.5001044,127.5001956,127.4999112,48.15421876,0.9998831286,0.0001000015616,9998.675147,10000.00025,0.009998832143,1.000001537e-05,999.8816773,1000.000003,0.001224426275,3.546444403e-09,0.001224422729,0.001249999972,0.001245996721,0.02938614549,0.02948055996,0.9795382048,0.9826853541,3.1086678798943954e-05,1.0362023996867844e-05,0.00010439999999789507,0.00019559999999785305,-8.880000000033306e-05,0.0002388391927611123,-2.0461794858344073,-1.7314645886616207,-2.046179520000002,-1.731464589999998,-0.01325102966871643,-0.011832569964503686
82000,467727.0932,7.425288717e-10,1.000001192,0.001019280556,127.500117,127.5001982,127.4999044,48.1542518,0.9998841169,0.0001000015654,9998.684647,10000.00025,0.009998842017,1.000001541e-05,999.8826608,1000.000003,0.001224402547,3.546072245e-09,0.001224399001,0.001249999972,0.001245995866,0.02938557602,0.02948000889,0.9795192225,0.982666985,3.314478473121287e-05,1.1048159982669998e-05,0.00011700000000303135,0.0001981999999998152,-9.559999999453339e-05,0.0002492219893981887,-2.048077725876941,-1.7333014971656446,-2.048077749999999,-1.7333014999999952,-0.013156029671090265,-0.011734219964791251
83000,467728.1232,7.478666575e-10,1.000001073,0.001019239498,127.5001311,127.5002014,127.4998968,48.15428714,0.9998845199,0.0001000015692,9998.6883,10000.00025,0.009998846044,1.000001545e-05,999.8830597,1000.000003,0.001224383198,3.546245641e-09,0.001224379652,0.001249999972,0.001245994951,0.02938511165,0.02947956467,0.9795037436,0.9826521776,3.534699656386709e-05,1.1782059672202458e-05,0.0001311000000043805,0.00020139999999457814,-0.0001031999999980826,0.0002615328086465805,-2.0496256459116045,-1.7347822302692373,-2.049625639999997,-1.734782239999999,-0.013119499672005933,-0.011694329964917274
84000,467729.2055,7.531313351e-10,1.000001073,0.001019377032,127.5001467,127.5002029,127.4998885,48.15432429,0.999885308,0.0001000015729,9998.695809,10000.00025,0.009998853919,1.000001549e-05,999.8838435,1000.000003,0.001224368377,3.546662223e-09,0.00122436483,0.001249999972,0.00124599399,0.02938475592,0.02947923054,0.979491886,0.9826410398,3.766102944403389e-05,1.2553547319660788e-05,0.0001467000000019425,0.00020290000000500186,-0.00011150000000270666,0.00027408310783994563,-2.0508114059381635,-1.7358960134310133,-2.0508113999999966,-1.735896020000005,-0.013044409673873813,-0.011615949965150215
85000,467730.3281,7.583177419e-10,1.000001073,0.001019399911,127.5001617,127.5002031,127.499881,48.15436281,0.9998856029,0.0001000015766,9998.698392,10000.00025,0.009998856866,1.000001552e-05,999.8841345,1000.000003,0.00122435813,3.546137937e-09,0.001224354584,0.001249999972,0.001245992993,0.02938451002,0.02947900742,0.9794836891,0.9826336027,4.006122653472866e-05,1.3353485521152068e-05,0.0001617000000067037,0.00020309999999312822,-0.00011899999999798183,0.00028558273757161223,-2.0516310859565277,-1.7366397019537592,-2.0516310899999946,-1.7366397300000003,-0.013018579674524525,-0.011586849965242774
86000,467731.4705,7.634312071e-10,1.000001192,0.001019594548,127.5001764,127.5002042,127.4998747,48.15440201,0.9998861097,0.0001000015802,9998.703099,10000.00025,0.00999886193,1.000001556e-05,999.8846372,1000.000003,0.001224352298,3.54702408e-09,0.001224348751,0.001249999972,0.001245991979,0.02938437003,0.02947889099,0.979479023,0.9826297216,4.250375740630492e-05,1.4167545165291601e-05,0.00017640000000085365,0.0002041999999988775,-0.00012529999999344454,0.0002975141845327714,-2.0520977259669895,-1.7370278753616422,-2.0520976999999996,-1.737027840000005,-0.012971509675700744,-0.011536579965385216
87000,467732.6411,7.684683445e-10,1.000001073,0.001019611045,127.5001928,127.5002055,127.4998681,48.15444218,0.9998864798,0.0001000015837,9998.706445,10000.00025,0.009998865629,1.00000156e-05,999.8850035,1000.000003,0.001224350687,3.54619679e-09,0.00122434714,0.001249999972,0.001245990939,0.02938433137,0.02947887679,0.9794777342,0.9826292484,4.500658184456478e-05,1.5001748632303567e-05,0.00019279999999355368,0.000205500000006964,-0.0001318999999995185,0.0003111265016038484,-2.052226605969864,-1.7370751521973833,-2.052226580000005,-1.7370751600000012,-0.01293804967654214,-0.011499949965495502
88000,467733.808,7.734375918e-10,1.000001192,0.001019781478,127.5002073,127.5002062,127.4998612,48.15448223,0.9998865538,0.0001000015873,9998.706834,10000.00025,0.009998866366,1.000001563e-05,999.8850737,1000.000003,0.001224352908,3.547133992e-09,0.001224349361,0.001249999972,0.001245989903,0.02938438465,0.02947895476,0.9794795104,0.9826318475,4.750149542478239e-05,1.5833460080085424e-05,0.00020729999999957727,0.000206199999993828,-0.00013880000000199288,0.00032366212320540785,-2.0520489259658827,-1.7368151979318132,-2.052048959999997,-1.7368152500000011,-0.01293415967663216,-0.011492929965518369
89000,467735.0188,7.78334508e-10,1.000001192,0.001019859345,127.5002201,127.5002049,127.4998555,48.15452378,0.9998869189,0.0001000015907,9998.710139,10000.00025,0.009998870013,1.000001566e-05,999.8854352,1000.000003,0.001224358401,3.546405722e-09,0.001224354855,0.001249999972,0.001245988828,0.02938451651,0.02947911248,0.9794839056,0.9826371047,5.0090270266586004e-05,1.669632176927655e-05,0.00022010000000705077,0.00020489999999995234,-0.0001445000000046548,0.0003336289405978286,-2.0516094059560417,-1.7362894846116443,-2.051609440000002,-1.7362895300000014,-0.012901109677456588,-0.011456779965632824
90000,467736.2507,7.831643112e-10,1.000001192,0.001019821448,127.5002323,127.5002035,127.4998515,48.15456606,0.9998872635,0.0001000015941,9998.713244,10000.00025,0.009998873455,1.00000157e-05,999.885776,1000.000003,0.001224366841,3.547055496e-09,0.001224363294,0.001249999972,0.001245987734,0.02938471905,0.02947934155,0.9794906567,0.9826447403,5.272415837981689e-05,1.757434324273233e-05,0.00023229999999330175,0.00020349999999780266,-0.00014849999999455576,0.00034267738471392706,-2.050934285940928,-1.7355259132912149,-2.0509343299999983,-1.7355259699999959,-0.01287005967823506,-0.011422699965734705
91000,467737.4934,7.87927501e-10,1.000001311,0.001020022576,127.5002445,127.5002014,127.499849,48.1546087,0.9998878872,0.0001000015975,9998.719147,10000.00025,0.009998879685,1.000001573e-05,999.8863956,1000.000003,0.001224377683,3.546688667e-09,0.001224374136,0.001249999972,0.001245986631,0.02938497927,0.02947962872,0.9794993309,0.9826543126,5.5381137646346365e-05,1.8459840774026e-05,0.0002444999999937636,0.00020139999999457814,-0.00015100000000245473,0.00035091766840030696,-2.050066925921495,-1.7345687716291425,-2.0500669100000035,-1.7345687399999976,-0.012811029679717737,-0.011360739965915584
92000,467738.735,7.926240775e-10,1.000001311,0.001019876883,127.5002561,127.5001991,127.4998471,48.15465131,0.9998882507,0.0001000016008,9998.722452,10000.00025,0.009998883316,1.000001577e-05,999.8867552,1000.000003,0.001224390491,3.546898559e-09,0.001224386944,0.001249999972,0.001245985528,0.02938528665,0.02947996318,0.979509577,0.9826654612,5.803576503617403e-05,1.9344715300585917e-05,0.00025610000000142463,0.00019910000000322725,-0.00015290000000334203,0.00035861738664353233,-2.049042285898544,-1.7334538415280945,-2.0490423000000035,-1.7334538800000021,-0.012777979680542168,-0.011324779966021032
93000,467740.0079,7.972572602e-10,1.000001311,0.001019949824,127.500267,127.5001966,127.4998448,48.154695,0.999888883,0.000100001604,9998.728451,10000.00025,0.009998889634,1.00000158e-05,999.8873836,1000.000003,0.001224404569,3.546951915e-09,0.001224401022,0.001249999972,0.001245984398,0.02938562454,0.02948032889,0.9795208398,0.9826776517,6.075731400894677e-05,2.025201800095461e-05,0.0002669999999938,0.0001965999999953283,-0.00015519999999469292,0.0003660978011313438,-2.0479160458733063,-1.7322348525908224,-2.0479160199999957,-1.7322348300000012,-0.012717989682033078,-0.01126193996621132
94000,467741.2853,8.018283815e-10,1.000001431,0.001020106841,127.500275,127.5001915,127.4998451,48.15473883,0.999889347,0.0001000016072,9998.732769,10000.00025,0.00999889427,1.000001583e-05,999.887844,1000.000003,0.00122441942,3.546767861e-09,0.001224415873,0.001249999972,0.001245983264,0.02938598095,0.02948071329,0.9795327203,0.9826904651,6.348848429538651e-05,2.1162228057288503e-05,0.0002750000000020236,0.00019149999999967804,-0.00015489999999829251,0.00036917646187217937,-2.0467279658467046,-1.7309535066114716,-2.046727969999995,-1.7309534899999979,-0.012674809683119279,-0.011215899966354267
95000,467742.6015,8.063428814e-10,1.000001431,0.001019911962,127.5002808,127.5001864,127.4998457,48.154784,0.999889801,0.0001000016104,9998.736993,10000.00025,0.009998898811,1.000001586e-05,999.888295,1000.000003,0.001224434552,3.547129957e-09,0.001224431005,0.001249999972,0.001245982095,0.02938634412,0.02948110528,0.9795448259,0.9827035314,6.630261168784003e-05,2.2100265662626485e-05,0.0002807999999987487,0.0001864000000040278,-0.0001543000000054917,0.0003706778790304239,-2.0455174058195853,-1.7296468453665812,-2.0455174099999973,-1.7296468600000003,-0.012632569684172788,-0.011170799966489746
96000,467743.9131,8.108032024e-10,1.000001431,0.001020285717,127.5002855,127.5001798,127.4998466,48.15482901,0.9998904726,0.0001000016135,9998.743396,10000.00025,0.009998905526,1.000001589e-05,999.8889634,1000.000003,0.001224449356,3.546728188e-09,0.001224445809,0.001249999972,0.00124598093,0.02938669941,0.02948148928,0.979556669,0.9827163313,6.910690395951789e-05,2.303498057555928e-05,0.0002855000000039354,0.00017979999999795382,-0.00015340000000207965,0.0003706343885855026,-2.044333085793053,-1.7283668217939734,-2.0443330999999954,-1.7283668699999977,-0.012568539685779445,-0.011103959966690764
97000,467745.2726,8.152006847e-10,1.00000155,0.001019991998,127.5002903,127.5001724,127.4998469,48.15487566,0.9998909208,0.0001000016166,9998.74757,10000.00025,0.009998910011,1.000001592e-05,999.8894089,1000.000003,0.001224463391,3.547200455e-09,0.001224459844,0.001249999972,0.001245979723,0.02938703626,0.02948185578,0.9795678973,0.9827285479,7.201360977177664e-05,2.4003753085866556e-05,0.00029030000000318523,0.00017239999999674183,-0.00015310000000567925,0.000370722888425391,-2.0432102857678958,-1.7271452017040543,-2.0432102699999954,-1.7271452100000029,-0.01252679968682601,-0.011059409966817521
98000,467746.637,8.19537993e-10,1.000001788,0.001019881369,127.5002931,127.5001663,127.4998475,48.15492249,0.9998914726,0.0001000016196,9998.752784,10000.00025,0.00999891552,1.000001595e-05,999.8899567,1000.000003,0.001224476237,3.546795295e-09,0.00122447269,0.001249999972,0.001245978512,0.02938734457,0.02948219374,0.9795781741,0.9827398134,7.493079212563921e-05,2.497626362501899e-05,0.00029309999999327374,0.00016630000000361633,-0.0001524999999986676,0.0003698912678029227,-2.0421826057448884,-1.7260186907621384,-2.042182589999997,-1.726018659999995,-0.012474659688122452,-0.01100462996698829
99000,467748.0259,8.238174032e-10,1.000002027,0.001020050895,127.5002946,127.5001595,127.4998488,48.15497015,0.999892456,0.0001000016226,9998.762316,10000.00025,0.009998925341,1.000001598e-05,999.8909358,1000.000003,0.001224487705,3.547188844e-09,0.001224484158,0.001249999972,0.001245977279,0.02938761979,0.02948249903,0.9795873481,0.9827499898,7.79003571882676e-05,2.596601063122621e-05,0.00029460000000369746,0.00015949999999520514,-0.00015120000000479195,0.00036754707181815236,-2.041265165724326,-1.7250010383215009,-2.0412651899999967,-1.7250010200000054,-0.012379339690505097,-0.01090671996728252
100000,467749.3924,8.280394148e-10,1.000002503,0.001019880054,127.5002957,127.5001523,127.499851,48.15501704,0.9998938672,0.0001000016256,9998.776133,10000.00025,0.009998939436,1.000001601e-05,999.8923424,1000.000003,0.001224497375,3.546941525e-09,0.001224493828,0.001249999972,0.001245976065,0.02938785187,0.02948276058,0.9795950843,0.9827587079,8.082202948867403e-05,2.693976718014126e-05,0.0002956999999952359,0.00015229999999633037,-0.00014899999999329339,0.00036446506004563206,-2.0404915657070006,-1.7241291870241415,-2.0404915700000026,-1.7241292100000027,-0.012241169693968268,-0.010766059967704928
